Ranking,Country,Total Score,Policy Capacity,AI Infrastructure,Governance,Public Sector Adoption,Development & Diffusion,Resilience,Policy vision,Policy commitment,Compute capacity,Enabling technical infrastructure,Data quality,Governance principles,Regulatory compliance,Government digital policy,e-Government delivery,Human capital,AI sector maturity,AI technology diffusion,Societal transition,Safety and security,match_name,Country Name,Country Code,gdp_pc_ppp,gdp_year,log_gdp,resid
146,Guyana,25.47,15.5,35.62,39.29,19.69,12.27,31.02,20.0,12.5,2.08,56.49,48.3,45.25,33.33,10.0,29.39,16.07,5.1,18.04,43.38,18.67,Guyana,Guyana,GUY,97899.0116180627,2025.0,11.491691732635797,-53.783469297380066
92,Andorra,41.51,31.0,47.96,54.27,25.75,37.69,49.92,40.0,25.0,4.16,69.52,70.21,70.5,38.05,10.54,40.95,52.34,17.01,50.63,73.5,26.33,Andorra,Andorra,AND,79566.7925868466,2025.0,11.284352106232088,-50.182456477955036
140,Seychelles,27.24,8.0,43.75,39.66,26.98,11.77,25.67,20.0,0.0,2.08,59.8,69.38,45.75,33.56,0.87,53.1,22.49,2.37,13.6,40.34,11.0,Seychelles,Seychelles,SYC,35854.0281615068,2025.0,10.487211201263987,-48.08404263773517
121,Belarus,32.47,12.0,45.28,43.38,24.03,24.62,36.88,30.0,0.0,3.29,53.5,79.03,46.75,40.0,0.4,47.65,35.95,3.48,41.49,40.42,33.33,Belarus,Belarus,BLR,34715.9778689211,2025.0,10.454955317274623,-48.077840012574235
170,Saint Kitts and Nevis,20.85,11.5,33.72,29.62,5.43,12.84,27.99,10.0,12.5,0.0,55.44,45.73,38.75,20.48,3.27,7.6,17.95,5.1,18.04,46.98,9.0,St. Kitts and Nevis,St. Kitts and Nevis,KNA,36777.262691657,2025.0,10.512635071562103,-46.05938233643031
155,Barbados,23.33,15.5,34.85,40.75,6.22,14.03,25.16,20.0,12.5,0.0,54.95,49.59,41.5,40.0,0.0,12.44,22.58,4.63,18.04,46.98,3.33,Barbados,Barbados,BRB,25893.8676913012,2025.0,10.161761450977872,-44.149337068502746
143,Maldives,26.39,8.0,39.43,22.43,29.58,18.83,32.24,20.0,0.0,3.29,49.08,65.93,33.5,11.37,2.12,57.05,18.77,4.85,37.53,38.14,26.33,Maldives,Maldives,MDV,28554.8945669737,2025.0,10.259583638813165,-43.473513351549606
133,Gabon,28.41,16.0,35.19,51.25,16.48,20.37,27.58,40.0,0.0,2.08,47.05,56.44,62.5,40.0,0.0,32.97,25.28,3.25,38.3,35.49,19.67,Gabon,Gabon,GAB,22218.341068445,2025.0,10.008673401020557,-41.889255425895215
166,Saint Vincent and the Grenadines,21.5,11.5,32.59,16.99,25.27,13.01,26.16,10.0,12.5,0.0,50.16,47.61,33.5,0.48,3.27,47.27,18.51,5.1,18.04,45.31,7.0,St. Vincent and the Grenadines,St. Vincent and the Grenadines,VCT,22799.4005332261,2025.0,10.034489522194518,-39.00038603383533
174,Dominica,19.76,4.0,34.5,9.53,25.13,12.89,23.17,10.0,0.0,0.0,57.3,46.19,5.25,13.82,3.27,47.0,18.13,5.1,18.04,46.33,0.0,Dominica,Dominica,DMA,22713.1288027433,2025.0,10.030698397637355,-38.94441660304782
181,Suriname,18.37,0.0,34.91,19.62,7.65,13.6,21.53,0.0,0.0,3.29,51.79,49.64,38.75,0.48,3.27,12.03,20.48,5.1,18.04,39.72,3.33,Suriname,Suriname,SUR,22652.3952637959,2025.0,10.028020876480888,-38.90488761032035
176,Grenada,19.36,0.0,32.42,19.62,20.45,12.02,22.44,0.0,0.0,0.0,49.34,47.91,38.75,0.48,3.27,37.64,15.23,5.1,18.04,44.88,0.0,Grenada,Grenada,GRD,21345.9653408221,2025.0,9.968618023787691,-38.02790670339886
151,Palau,23.8,4.0,41.48,5.53,22.37,20.0,38.46,10.0,0.0,0.0,59.22,65.21,9.52,1.54,4.51,40.22,14.61,13.3,34.33,61.39,15.53,Palau,Palau,PLW,23051.6787122681,2025.0,10.045493874938524,-37.92284636716928
187,Equatorial Guinea,16.18,0.0,28.09,18.86,2.85,12.67,27.29,0.0,0.0,2.08,30.53,51.67,37.5,0.23,0.87,4.83,23.86,3.25,14.03,29.91,24.67,Equatorial Guinea,Equatorial Guinea,GNQ,16133.1056143137,2025.0,9.688628689121732,-36.2943459481285
134,Libya,28.38,39.0,43.8,24.88,2.09,18.88,47.61,60.0,25.0,5.84,54.47,71.09,29.75,20.0,2.17,2.02,28.51,6.9,25.22,31.88,63.33,Libya,Libya,LBY,16521.3998152838,2025.0,9.71241177806654,-35.345462333396014
107,North Macedonia,37.57,34.5,41.12,45.0,46.55,24.85,38.98,30.0,37.5,6.24,52.18,64.95,48.76,41.23,10.0,83.1,37.22,12.16,29.39,44.62,33.33,North Macedonia,North Macedonia,MKD,28028.5664230631,2025.0,10.240979498472147,-35.31885523112183
147,Antigua and Barbuda,25.04,23.0,32.23,48.38,12.71,12.68,23.49,20.0,25.0,0.0,48.63,48.04,46.75,50.0,15.0,10.41,17.43,5.1,18.04,46.98,0.0,Antigua and Barbuda,Antigua and Barbuda,ATG,35832.4795485115,2025.0,10.486610011044721,-33.94516709860159
139,Bolivia (Plurinational State of),27.48,0.0,32.51,43.5,44.98,13.55,26.92,0.0,0.0,5.37,52.97,39.18,37.0,50.0,0.0,89.97,26.49,7.03,9.32,34.17,19.67,Bolivia,Bolivia,BOL,12873.0394876629,2025.0,9.462890441134375,-33.831709139097
145,"Venezuela, Bolivarian Republic of",25.55,15.5,39.65,19.78,27.36,12.77,38.22,20.0,12.5,5.84,53.21,59.89,25.75,13.82,8.27,46.44,24.99,0.58,16.79,43.1,33.33,"Venezuela, RB","Venezuela, RB",VEN,21282.6399697602,2011.0,9.965646994490266,-32.984044568002716
159,Turkmenistan,22.5,11.5,32.61,23.79,8.13,22.51,27.83,10.0,12.5,0.0,57.75,40.07,34.25,13.33,10.0,6.27,31.03,4.85,37.53,29.33,26.33,Turkmenistan,Turkmenistan,TKM,22601.5518373128,2025.0,10.025773848270841,-32.14171410520768
117,Lebanon,34.26,42.0,41.01,39.38,18.65,34.15,25.67,30.0,50.0,3.29,45.45,74.27,38.75,40.0,1.08,36.22,37.21,15.61,55.8,25.0,26.33,Lebanon,Lebanon,LBN,11917.4502960889,2024.0,9.385759016404364,-31.612996371189453
109,Botswana,37.1,19.5,40.13,60.63,39.11,27.83,32.04,30.0,12.5,5.37,51.43,63.6,61.25,60.0,10.0,68.21,22.95,23.75,38.15,30.74,33.33,Botswana,Botswana,BWA,20697.9104661898,2025.0,9.937788030495978,-30.842754900892118
112,San Marino,35.89,27.0,41.18,45.65,23.86,33.26,41.5,30.0,25.0,0.0,54.37,69.16,53.25,38.05,30.54,17.19,49.6,17.01,38.59,72.0,11.0,San Marino,San Marino,SMR,78810.3378046111,2023.0,11.274799457655106,-30.041428058733963
128,Iraq,29.37,35.0,33.36,24.88,5.28,34.98,42.64,50.0,25.0,2.08,57.29,40.7,9.0,40.76,5.87,4.69,39.75,16.9,54.31,35.28,50.0,Iraq,Iraq,IRQ,14266.7965348226,2025.0,9.565690195768473,-29.479370631145915
120,Trinidad and Tobago,32.73,23.0,46.63,40.5,41.09,12.66,33.67,20.0,25.0,4.83,64.19,70.87,31.0,50.0,21.43,60.75,23.08,4.73,12.79,37.35,30.0,Trinidad and Tobago,Trinidad and Tobago,TTO,37121.2050020847,2025.0,10.52194364871389,-28.03680746102635
114,Bosnia and Herzegovina,35.67,19.0,43.26,51.02,51.83,19.43,26.66,10.0,25.0,4.83,51.57,73.4,38.75,63.29,16.15,87.51,23.54,4.14,35.7,44.32,9.0,Bosnia and Herzegovina,Bosnia and Herzegovina,BIH,25814.2641520511,2025.0,10.158682492241635,-27.953881540654187
95,Côte D'Ivoire,40.74,57.5,41.21,60.63,19.02,27.94,57.53,50.0,62.5,5.84,59.38,58.42,61.25,60.0,0.0,38.05,36.22,11.22,41.97,48.39,66.67,Cote d'Ivoire,Cote d'Ivoire,CIV,8208.90898574972,2025.0,9.01297530515679,-27.189486314796056
79,Costa Rica,45.92,69.0,43.32,66.0,42.61,24.09,58.76,60.0,75.0,7.69,64.57,57.71,72.0,60.0,21.43,63.79,41.83,4.68,32.22,55.19,62.33,Costa Rica,Costa Rica,CRI,33814.7696296148,2025.0,10.428652957317338,-26.659530925657982
157,Honduras,22.96,4.0,36.49,38.67,18.23,10.87,21.85,10.0,0.0,4.83,43.29,61.35,44.0,33.33,0.0,36.47,21.36,5.53,7.49,36.69,7.0,Honduras,Honduras,HND,7871.09129065536,2025.0,8.97095199643059,-26.569084469974143
163,Nicaragua,22.23,7.5,28.9,41.66,19.75,11.9,20.64,0.0,12.5,4.16,38.39,44.15,39.5,43.82,3.27,36.23,21.54,0.68,17.23,41.27,0.0,Nicaragua,Nicaragua,NIC,9283.92301511154,2025.0,9.136039475148781,-25.736317031100707
57,Romania,56.73,84.0,55.23,71.72,55.66,38.06,59.05,60.0,100.0,12.56,69.51,83.6,75.0,68.43,28.45,82.87,52.54,17.05,51.6,58.44,59.67,Romania,Romania,ROU,50895.081617639,2025.0,10.837521569532644,-25.675772454398317
154,Samoa,23.46,4.0,37.27,9.39,25.55,17.48,41.33,10.0,0.0,0.0,57.88,53.93,7.25,11.54,4.51,46.59,6.18,13.3,34.33,61.66,21.0,Samoa,Samoa,WSM,9318.95775945515,2025.0,9.139806073041736,-24.551924367893655
178,Congo,18.6,12.0,22.41,31.49,3.89,17.8,20.39,30.0,0.0,0.0,39.2,28.04,42.75,20.23,0.87,6.9,21.37,1.42,36.06,29.78,11.0,"Congo, Rep.","Congo, Rep.",COG,7248.44439070757,2025.0,8.888542158027017,-24.482445006618892
177,Marshall Islands,18.92,0.0,40.45,1.39,6.74,18.48,29.7,0.0,0.0,0.0,51.64,69.71,1.25,1.54,4.51,8.96,9.51,13.3,34.33,59.4,0.0,Marshall Islands,Marshall Islands,MHL,8964.32212870807,2025.0,9.101007770097103,-23.97913418424482
100,Montenegro,39.9,27.0,40.29,53.75,52.29,26.9,44.97,30.0,25.0,0.0,62.87,58.0,47.5,60.0,25.03,79.54,24.06,27.85,28.47,56.6,33.33,Montenegro,Montenegro,MNE,35422.6449824931,2025.0,10.475106583379208,-23.745338782798115
180,Sao Tome and Principe,18.37,0.0,29.52,27.86,15.63,10.03,19.58,0.0,0.0,0.0,41.92,46.65,35.5,20.23,0.87,30.39,15.08,3.25,14.03,32.16,7.0,Sao Tome and Principe,Sao Tome and Principe,STP,6388.47738664299,2025.0,8.762251238327686,-22.617976883077805
173,Myanmar,20.54,8.0,33.25,13.67,12.32,18.57,28.91,20.0,0.0,5.37,55.47,38.91,14.0,13.33,0.0,24.65,28.62,10.91,18.72,36.82,21.0,Myanmar,Myanmar,MMR,6011.53492175516,2025.0,8.701435389556398,-22.590135520372456
86,Morocco,43.06,23.0,48.12,78.75,34.9,30.81,39.78,20.0,25.0,7.69,58.63,78.04,87.5,70.0,10.0,59.8,29.75,14.44,53.7,46.23,33.33,Morocco,Morocco,MAR,11111.7080078125,2025.0,9.31575460689423,-21.659501719715706
183,Guinea,17.81,4.0,28.91,20.63,6.01,11.63,32.79,10.0,0.0,2.08,37.68,46.96,41.25,0.0,0.0,12.02,21.64,2.31,14.03,39.24,26.33,Guinea,Guinea,GIN,4934.65125959855,2025.0,8.504037282622555,-19.675892129780934
130,Tajikistan,29.08,54.0,20.68,38.79,23.69,21.23,38.34,60.0,50.0,0.0,42.31,19.73,34.25,43.33,2.94,44.44,34.11,0.78,35.63,40.34,36.33,Tajikistan,Tajikistan,TJK,5923.47183321348,2025.0,8.686678014291667,-19.432268267257736
17,Ireland,70.58,88.5,64.71,94.57,74.12,56.91,60.25,90.0,87.5,32.34,66.61,95.2,100.0,89.14,51.33,96.92,76.69,40.78,58.63,70.5,50.0,Ireland,Ireland,IRL,155089.413131749,2025.0,11.951757088496748,-19.245542653013914
106,Nepal,38.5,49.5,38.05,57.24,32.88,22.5,48.94,30.0,62.5,6.9,52.24,54.99,60.75,53.72,4.56,61.2,38.55,0.68,35.55,31.21,66.67,Nepal,Nepal,NPL,6175.15897150244,2025.0,8.728289905537663,-18.426596240900867
123,Bahamas,31.18,8.0,40.26,53.62,42.14,14.55,23.19,20.0,0.0,4.83,56.21,59.75,36.75,70.48,33.27,51.01,23.65,5.1,18.04,46.39,0.0,"Bahamas, The","Bahamas, The",BHS,41257.7650774105,2024.0,10.627594618347953,-17.756562236531074
142,Saint Lucia,26.66,4.0,40.16,34.38,37.0,13.0,22.66,10.0,0.0,0.0,51.52,68.97,38.75,30.0,28.43,45.57,18.5,5.1,18.04,45.31,0.0,St. Lucia,St. Lucia,LCA,28673.8437920214,2025.0,10.263740620069445,-17.22488402697855
59,Bulgaria,56.6,65.0,53.93,71.25,64.66,39.78,62.86,50.0,75.0,10.39,69.24,82.16,62.5,80.0,35.0,94.32,59.0,16.85,51.14,59.05,66.67,Bulgaria,Bulgaria,BGR,44451.1001576913,2025.0,10.70214499109001,-17.127170212992013
119,Kyrgyzstan,33.28,16.0,43.94,30.98,46.9,22.15,34.8,40.0,0.0,4.16,57.59,70.06,17.25,44.7,12.12,81.68,43.51,3.32,25.88,36.27,33.33,Kyrgyz Republic,Kyrgyz Republic,KGZ,9219.51443675205,2025.0,9.12907765103716,-16.78353767713987
158,Belize,22.68,7.5,35.58,23.08,19.19,13.59,32.95,0.0,12.5,0.0,53.36,53.38,39.5,6.67,20.0,18.39,25.71,5.1,12.78,42.89,23.0,Belize,Belize,BLZ,14965.7521203147,2025.0,9.613519677648314,-16.0554906320356
89,Algeria,42.05,65.5,43.12,59.0,26.42,33.86,34.44,70.0,62.5,5.84,62.17,61.37,48.0,70.0,23.8,29.05,33.86,20.1,52.21,35.55,33.33,Algeria,Algeria,DZA,18586.2607480579,2025.0,9.830177917291334,-15.454076741620081
54,Qatar,58.61,80.5,57.95,77.5,62.82,44.54,38.95,70.0,87.5,7.45,78.27,88.12,75.0,80.0,52.51,73.14,55.95,25.1,59.04,44.56,33.33,Qatar,Qatar,QAT,128882.934242572,2025.0,11.76665978483697,-15.332899457060641
141,Angola,27.09,15.5,30.77,53.03,29.51,14.14,19.35,20.0,12.5,6.59,40.69,45.04,42.5,63.56,15.87,43.16,25.9,4.37,15.4,27.7,11.0,Angola,Angola,AGO,10251.3457063657,2025.0,9.235164264374905,-14.599723982327566
80,Sri Lanka,45.6,72.5,44.09,56.63,43.99,33.31,39.09,50.0,87.5,3.29,62.44,66.53,73.25,40.0,24.25,63.73,46.1,17.08,42.16,35.18,43.0,Sri Lanka,Sri Lanka,LKA,17065.0298635432,2025.0,9.744786611327157,-13.743421039873766
165,Syrian Arab Republic,21.72,4.0,33.2,30.13,6.77,16.83,32.74,10.0,0.0,0.0,54.82,44.78,39.5,20.76,5.87,7.67,24.42,6.9,22.47,32.14,33.33,Syrian Arab Republic,Syrian Arab Republic,SYR,4905.15252202552,2022.0,8.498041466730191,-13.717374224989772
73,Slovakia,48.55,19.0,55.8,72.5,62.12,31.39,46.62,10.0,25.0,7.91,75.51,83.98,75.0,70.0,40.0,84.24,40.35,8.13,53.43,59.91,33.33,Slovak Republic,Slovak Republic,SVK,49308.7048471448,2025.0,10.805855913351929,-13.658283527240968
156,Tonga,23.11,4.0,32.5,7.39,27.91,24.07,32.69,10.0,0.0,0.0,59.64,37.84,3.25,11.54,14.51,41.3,35.4,13.3,27.09,58.38,7.0,Tonga,Tonga,TON,8674.68048447494,2025.0,9.06816377237594,-13.49424907178737
195,Guinea Bissau,12.12,4.0,23.24,10.11,2.02,10.5,14.66,10.0,0.0,2.08,31.27,36.36,0.0,20.23,0.87,3.18,16.64,3.25,14.03,29.31,0.0,Guinea-Bissau,Guinea-Bissau,GNB,3293.09532269486,2025.0,8.099583229025386,-12.834823963010058
190,Haiti,14.94,11.5,17.97,13.25,14.64,11.08,23.46,10.0,12.5,0.0,31.73,22.17,6.5,20.0,0.83,28.45,17.33,5.1,12.78,27.25,19.67,Haiti,Haiti,HTI,3133.72347930529,2025.0,8.049977186510578,-12.142476101231265
116,Cameroon,34.91,34.5,34.92,53.75,22.49,29.23,39.93,30.0,37.5,3.29,48.78,52.67,57.5,50.0,10.0,34.97,46.14,13.2,33.69,29.85,50.0,Cameroon,Cameroon,CMR,5787.85440270861,2025.0,8.663516932408825,-12.030334745987247
150,Kiribati,23.9,0.0,41.19,10.39,19.64,19.77,41.58,0.0,0.0,0.0,56.67,66.91,19.25,1.54,4.51,34.76,13.84,13.3,34.33,58.49,24.67,Kiribati,Kiribati,KIR,3936.61263730517,2025.0,8.278075895781825,-11.829961059529131
87,Georgia,42.75,19.0,49.35,74.17,47.44,27.24,34.63,10.0,25.0,4.83,65.67,77.54,75.0,73.33,35.0,59.88,43.61,0.76,46.18,42.92,26.33,Georgia,Georgia,GEO,29414.3813424216,2025.0,10.289238995033239,-11.031323658864011
25,Italy,68.81,69.5,63.56,85.77,70.24,61.38,72.28,80.0,62.5,39.99,67.06,83.64,100.0,71.54,46.42,94.06,78.59,46.05,64.6,61.23,83.33,Italy,Italy,ITA,62802.5108384276,2025.0,11.047750333160675,-10.809438413669895
125,Lao People's Democratic Republic,29.92,19.5,38.21,45.17,18.21,20.94,36.76,30.0,12.5,3.29,57.78,53.57,37.0,53.33,20.0,16.41,23.16,10.7,32.37,43.52,30.0,Lao PDR,Lao PDR,LAO,10382.9990718948,2025.0,9.247925042916451,-10.658114920321538
32,Czechia,64.56,81.0,58.61,74.14,69.33,54.04,67.74,90.0,75.0,15.76,72.03,88.03,75.0,73.29,46.15,92.52,75.26,32.55,61.48,68.82,66.67,Czechia,Czechia,CZE,60487.2877495391,2025.0,11.010188502098337,-10.524902609795056
83,Kuwait,43.79,35.0,53.31,52.63,51.43,30.19,38.01,50.0,25.0,5.37,67.29,87.28,55.25,50.0,45.46,57.41,34.84,17.84,42.0,30.36,45.67,Kuwait,Kuwait,KWT,56467.7272075432,2025.0,10.941424554071249,-10.199721237685516
81,Pakistan,45.38,61.5,41.23,61.25,36.51,36.95,50.21,60.0,62.5,9.99,56.2,57.49,62.5,60.0,13.92,59.1,51.25,17.91,48.02,33.75,66.67,Pakistan,Pakistan,PAK,6573.41613369925,2025.0,8.790788935813733,-9.989286882313467
169,Tuvalu,20.87,0.0,39.47,2.02,9.69,25.0,29.97,0.0,0.0,0.0,52.15,66.26,2.5,1.54,14.51,4.86,17.94,23.3,34.33,56.6,3.33,Tuvalu,Tuvalu,TUV,6759.27941373717,2025.0,8.818671567754285,-9.810925965925739
182,Chad,18.31,0.0,20.51,48.67,4.53,10.1,26.76,0.0,0.0,0.0,28.3,33.24,44.0,53.33,2.38,6.68,14.34,3.25,14.99,27.19,26.33,Chad,Chad,TCD,2902.7406157583,2025.0,7.973410609622138,-9.46210233978412
132,Vanuatu,28.55,15.5,40.73,18.64,29.47,20.56,44.65,20.0,12.5,0.0,60.97,61.22,15.75,21.54,9.51,49.42,16.46,13.3,34.33,55.96,33.33,Vanuatu,Vanuatu,VUT,4525.23645747645,2025.0,8.41742511056464,-8.88721244087616
23,Sweden,69.45,89.04,67.49,81.52,73.81,57.03,61.17,72.61,100.0,34.06,79.12,89.29,75.0,88.05,50.54,97.09,52.6,47.24,74.5,89.01,33.33,Sweden,Sweden,SWE,72528.8892631159,2025.0,11.191740234068348,-8.815201540530829
188,Afghanistan,15.72,0.0,19.27,11.25,26.8,11.76,22.56,0.0,0.0,3.29,37.57,16.95,2.5,20.0,0.0,53.59,18.41,4.85,14.33,22.13,23.0,Afghanistan,Afghanistan,AFG,2236.19907311431,2024.0,7.7125328612217725,-7.9906912708676145
184,Niger,17.44,0.0,18.43,38.92,16.35,9.19,22.46,0.0,0.0,0.0,17.72,37.58,44.5,33.33,0.0,32.71,16.96,2.18,10.78,33.91,11.0,Niger,Niger,NER,2177.25014417163,2025.0,7.685817957790153,-7.596291689406684
179,Timor-Leste,18.39,4.0,24.39,3.39,22.65,22.53,23.56,10.0,0.0,0.0,53.41,19.77,3.5,3.28,11.78,33.51,25.4,11.67,34.13,41.8,5.33,Timor-Leste,Timor-Leste,TLS,4809.49016945191,2025.0,8.478346363605118,-7.516609916249466
172,Micronesia (Federated States of),20.6,19.92,28.66,7.64,8.87,22.16,34.3,21.67,18.75,0.0,49.23,36.75,6.25,9.04,11.18,6.55,17.08,19.14,31.26,60.26,8.33,"Micronesia, Fed. Sts.","Micronesia, Fed. Sts.",FSM,4604.39540764468,2025.0,8.434766649656316,-7.473230426385719
191,Yemen,14.48,0.0,19.82,15.76,17.16,15.37,7.46,0.0,0.0,0.0,46.15,13.3,30.75,0.76,5.87,28.44,26.95,6.9,15.08,14.92,0.0,"Yemen, Rep.","Yemen, Rep.",YEM,3164.32154223615,2013.0,8.059693948956715,-7.245927379343546
111,Paraguay,36.84,12.0,46.38,55.29,50.05,19.15,34.6,30.0,0.0,5.84,61.25,72.04,57.25,53.33,33.32,66.78,26.84,0.72,36.03,40.19,29.0,Paraguay,Paraguay,PRY,20181.4242826808,2025.0,9.912517870340752,-7.149684467971319
186,Sudan,16.21,0.0,24.5,17.36,14.55,11.97,23.02,0.0,0.0,2.08,37.47,33.95,14.5,20.23,0.87,28.23,19.75,3.25,15.82,19.72,26.33,Sudan,Sudan,SDN,2192.27221679688,2025.0,7.692693826852329,-6.827802064963298
162,Solomon Islands,22.28,4.0,33.69,12.64,20.97,20.46,33.05,10.0,0.0,2.08,42.29,56.72,13.75,11.54,4.51,37.42,16.11,13.3,34.33,55.1,11.0,Solomon Islands,Solomon Islands,SLB,2787.61656406214,2025.0,7.932942231597987,-6.734656371245185
149,Malawi,24.22,23.0,28.7,37.88,5.78,18.57,35.6,20.0,25.0,2.08,44.52,39.5,45.75,30.0,0.0,11.56,22.93,0.79,37.9,37.86,33.33,Malawi,Malawi,MWI,1899.29166528127,2025.0,7.549236287897747,-5.5798983463170515
33,Luxembourg,64.28,81.0,57.65,81.52,75.46,46.26,66.54,90.0,75.0,12.18,70.95,89.82,75.0,88.05,65.54,85.39,64.26,27.06,53.85,66.41,66.67,Luxembourg,Luxembourg,LUX,156542.075847247,2025.0,11.961080108081223,-5.173180995277832
50,Chile,59.3,92.5,57.77,53.54,70.76,45.26,56.46,100.0,87.5,18.18,75.24,79.88,55.5,51.58,45.0,96.53,65.02,24.68,52.95,57.58,55.33,Chile,Chile,CHL,37774.0879069903,2025.0,10.539378641435546,-4.7242051285790865
8,China,76.27,92.5,78.36,91.14,49.02,74.67,77.34,100.0,87.5,80.66,69.2,85.21,100.0,82.28,41.65,56.39,81.43,67.29,77.74,54.69,100.0,China,China,CHN,29333.3311051433,2025.0,10.286479728831207,-4.34058784119555
193,Eritrea,12.7,0.0,25.35,6.67,0.0,15.96,13.69,0.0,0.0,0.0,29.02,47.04,0.0,13.33,0.0,0.0,13.1,3.25,35.78,27.38,0.0,Eritrea,Eritrea,ERI,1742.32363018235,2011.0,7.462974920973833,-4.306397691593659
99,Jamaica,40.09,50.0,41.13,64.5,34.6,17.41,55.94,50.0,50.0,2.08,52.54,68.78,79.0,50.0,30.0,39.19,16.27,11.17,26.85,45.22,66.67,Jamaica,Jamaica,JAM,13291.253767787,2025.0,9.49486148644401,-4.303706611266932
118,Cambodia,33.91,19.5,32.77,53.38,36.25,26.19,37.78,30.0,12.5,7.19,46.1,45.02,46.75,60.0,23.74,48.76,27.35,10.53,45.89,44.56,31.0,Cambodia,Cambodia,KHM,8542.6965378612,2025.0,9.052831990790777,-4.0379016977189615
69,Azerbaijan,51.91,53.5,51.45,60.0,66.97,36.08,56.35,40.0,62.5,4.16,74.93,75.25,50.0,70.0,40.48,93.47,60.31,10.95,45.34,46.03,66.67,Azerbaijan,Azerbaijan,AZE,26112.5306828203,2025.0,10.170170580888364,-3.7934834022387847
126,Zimbabwe,29.53,12.0,29.37,53.0,27.63,23.0,31.45,30.0,0.0,4.16,29.39,54.56,56.0,50.0,20.0,35.25,23.17,13.27,35.79,36.56,26.33,Zimbabwe,Zimbabwe,ZWE,6470.41613223905,2025.0,8.774995702619737,-3.676126969249566
78,Ghana,47.42,53.5,46.12,66.25,53.35,33.68,41.81,40.0,62.5,6.59,70.92,60.87,62.5,70.0,25.0,81.71,34.23,22.57,47.92,33.63,50.0,Ghana,Ghana,GHA,8610.2796922986,2025.0,9.06071208148169,-2.894237677683293
115,State of Palestine,35.54,42.5,43.53,17.42,44.58,37.58,17.1,50.0,37.5,2.08,56.44,72.06,11.5,23.33,17.0,72.16,37.1,26.9,52.3,34.2,0.0,West Bank and Gaza,West Bank and Gaza,PSE,4999.71301859773,2025.0,8.517135793488555,-2.869269104417384
110,Namibia,37.08,19.5,34.85,52.88,44.8,28.21,47.15,30.0,12.5,3.29,35.46,65.79,55.75,50.0,31.36,58.24,49.4,13.76,26.3,34.63,59.67,Namibia,Namibia,NAM,11985.7200318677,2025.0,9.39147122281672,-1.4173272700084993
129,Guatemala,29.34,15.5,37.87,44.5,38.17,11.94,29.32,20.0,12.5,6.24,45.78,61.59,29.0,60.0,35.0,41.34,24.47,0.65,14.46,32.3,26.33,Guatemala,Guatemala,GTM,15197.0831415082,2025.0,9.628858789834492,-1.281946229814423
96,Senegal,40.64,61.0,37.03,63.38,28.47,31.39,36.54,40.0,75.0,6.24,46.48,58.37,66.75,60.0,20.0,36.95,43.25,15.06,41.3,39.75,33.33,Senegal,Senegal,SEN,5463.21828561328,2025.0,8.605793324693057,-1.1781450017200683
97,Brunei Darussalam,40.51,31.0,47.39,35.06,65.14,25.37,41.92,40.0,25.0,4.83,68.08,69.26,43.5,26.61,61.78,68.51,33.31,20.18,24.37,53.84,30.0,Brunei Darussalam,Brunei Darussalam,BRN,92429.9262686398,2025.0,11.434206082559054,-1.1547925882049697
44,Iceland,60.49,77.0,58.43,65.27,66.61,43.0,76.53,80.0,75.0,7.91,79.79,87.58,62.5,68.05,60.54,72.69,61.48,17.37,58.69,89.73,63.33,Iceland,Iceland,ISL,83431.2131434311,2025.0,11.331777776644186,-0.88261489735239
144,Democratic Republic of the Congo,25.62,23.0,19.98,46.75,17.58,23.45,28.09,20.0,25.0,4.83,31.15,23.96,43.5,50.0,5.0,30.17,43.18,3.25,30.66,22.85,33.33,"Congo, Dem. Rep.","Congo, Dem. Rep.",COD,1919.82250200565,2025.0,7.5599880138762945,-0.7386290801479163
24,Poland,69.14,96.0,64.79,85.0,74.84,47.18,75.73,90.0,100.0,33.27,73.22,87.87,100.0,70.0,54.59,95.09,52.98,36.11,56.14,55.79,95.67,Poland,Poland,POL,54262.4040405236,2025.0,10.901586891175484,-0.48158669276048727
30,Belgium,65.17,85.0,58.83,80.0,72.0,49.84,67.05,100.0,75.0,17.2,66.85,92.45,100.0,60.0,59.43,84.56,34.83,44.05,72.56,67.43,66.67,Belgium,Belgium,BEL,74675.607672673,2025.0,11.22090878061629,-0.3558249406781684
192,Central African Republic,12.8,11.5,22.64,2.25,13.91,9.56,11.77,10.0,12.5,0.0,26.12,41.79,4.5,0.0,0.0,27.82,16.75,3.25,10.78,23.55,0.0,Central African Republic,Central African Republic,CAF,1313.8765680523,2025.0,7.1807372585990334,-0.13964424634697536
168,Madagascar,20.93,0.0,27.37,30.16,30.87,11.93,19.54,0.0,0.0,4.16,32.38,45.58,36.75,23.56,5.87,55.86,26.12,2.24,10.65,32.08,7.0,Madagascar,Madagascar,MDG,1952.48426903369,2025.0,7.576857824848448,-0.11768281166421435
36,Slovenia,62.71,84.0,57.98,72.5,76.44,45.52,60.99,60.0,100.0,12.96,76.6,84.39,75.0,70.0,56.28,96.6,63.78,22.26,58.27,71.97,50.0,Slovenia,Slovenia,SVN,59244.7106359661,2025.0,10.989431783045582,-0.08846536858010268
72,Croatia,49.79,34.5,52.04,70.64,71.67,29.92,45.04,30.0,37.5,8.5,64.17,83.44,75.0,66.28,55.0,88.34,29.06,15.17,50.46,56.76,33.33,Croatia,Croatia,HRV,50946.1671131832,2025.0,10.838524807424276,0.8594164643795921
103,Armenia,38.95,27.0,41.02,56.75,57.4,24.37,27.75,30.0,25.0,3.29,60.86,58.91,43.5,70.0,45.0,69.81,23.68,11.39,42.38,40.16,15.33,Armenia,Armenia,ARM,24754.2118320452,2025.0,10.116750928550838,1.515165846583585
194,South Sudan,12.2,0.0,24.39,4.63,1.88,11.43,22.73,0.0,0.0,0.0,32.29,40.88,9.25,0.0,0.0,3.76,19.73,3.25,14.03,27.79,17.67,South Sudan,South Sudan,SSD,1154.88686304107,2015.0,7.051757664081085,1.7645175345513735
67,Mauritius,52.76,65.5,48.72,72.5,65.63,38.52,36.76,70.0,62.5,7.19,69.22,69.76,75.0,70.0,50.0,81.26,67.38,14.45,41.74,40.19,33.33,Mauritius,Mauritius,MUS,33666.64355884,2025.0,10.424262820783962,1.9752818862524748
189,Liberia,15.65,8.0,27.05,3.5,24.92,9.77,13.85,20.0,0.0,0.0,31.61,49.53,7.0,0.0,10.0,39.83,20.9,3.25,7.34,27.71,0.0,Liberia,Liberia,LBR,1981.09483342188,2025.0,7.591404917042843,3.797554402925442
61,Oman,56.29,88.5,47.22,72.0,71.0,40.29,41.09,90.0,87.5,8.31,71.44,61.91,74.0,70.0,55.31,86.69,50.29,20.83,56.25,48.85,33.33,Oman,Oman,OMN,42295.1761223734,2025.0,10.65242831887115,3.916810906009175
65,South Africa,53.94,43.0,60.05,76.58,64.93,37.28,40.81,70.0,25.0,29.64,75.14,75.36,75.0,78.17,41.19,88.68,41.09,21.3,54.78,38.63,43.0,South Africa,South Africa,ZAF,15905.6794419658,2025.0,9.674431522036357,4.2352507951550535
153,Gambia (Republic of The),23.64,15.5,32.99,37.79,15.32,10.31,33.01,20.0,12.5,0.0,46.36,52.6,42.25,33.33,20.0,10.64,19.24,3.25,10.78,32.7,33.33,"Gambia, The","Gambia, The",GMB,3705.64184038599,2025.0,8.21761175899804,4.552687880863317
138,Mauritania,27.58,34.5,28.63,40.53,30.05,16.0,23.85,30.0,37.5,0.0,33.23,52.67,57.5,23.56,30.87,29.22,36.73,3.9,11.38,29.03,18.67,Mauritania,Mauritania,MRT,7675.51996658445,2025.0,8.945791318249778,4.672369649977522
53,Türkiye,58.91,77.0,52.76,68.18,77.59,45.7,47.27,80.0,75.0,13.29,70.07,74.92,75.0,61.37,57.12,98.06,74.52,12.69,60.89,44.53,50.0,Turkiye,Turkiye,TUR,45288.4750285273,2025.0,10.720807864721001,4.717304570614765
152,Mali,23.78,4.0,29.54,38.0,26.67,18.12,17.64,10.0,0.0,2.08,36.59,49.94,36.0,40.0,20.0,33.34,19.46,2.23,37.97,29.94,5.33,Mali,Mali,MLI,3502.76132351788,2025.0,8.16130688599692,5.383932448252196
175,Sierra Leone,19.68,27.5,25.64,15.92,15.28,10.91,31.16,50.0,12.5,0.0,32.83,44.08,18.5,13.33,21.01,9.56,30.81,3.25,1.21,29.0,33.33,Sierra Leone,Sierra Leone,SLE,3716.89410482498,2025.0,8.220643680471184,5.517926777268396
85,Albania,43.44,23.0,51.21,51.67,68.95,24.35,41.6,20.0,25.0,4.83,69.01,79.79,50.0,53.33,51.03,86.86,21.23,14.18,41.04,49.87,33.33,Albania,Albania,ALB,28220.7950617158,2025.0,10.247814398706454,5.610239227570929
10,Norway,74.84,88.0,65.67,94.02,84.17,60.57,77.5,70.0,100.0,18.92,86.09,92.01,100.0,88.05,70.54,97.79,79.77,38.45,70.87,88.33,66.67,Norway,Norway,NOR,104043.666429243,2025.0,11.552565959514924,5.857827487602194
39,Malta,61.48,77.0,52.25,87.77,66.58,44.16,65.19,80.0,75.0,7.19,67.92,81.64,87.5,88.05,65.54,67.62,66.2,25.6,46.86,63.72,66.67,Malta,Malta,MLT,72210.3392223985,2025.0,11.187338517154709,6.249782235768137
20,Austria,69.72,66.0,61.39,87.0,81.6,58.06,79.69,90.0,50.0,17.43,74.74,91.98,96.25,77.75,67.24,95.96,70.15,42.04,67.33,72.7,86.67,Austria,Austria,AUT,76777.5421537618,2025.0,11.248667456499842,7.044365973602837
52,Egypt,59.1,100.0,47.71,67.5,60.07,47.68,61.14,100.0,100.0,7.91,63.53,71.68,75.0,60.0,48.63,71.5,59.86,29.87,59.25,38.94,83.33,"Egypt, Arab Rep.","Egypt, Arab Rep.",EGY,20204.0130500153,2025.0,9.913636529500193,8.143800454390096
56,Argentina,58.25,73.0,50.26,84.69,71.06,32.09,70.03,70.0,75.0,11.28,60.96,78.54,94.75,74.62,55.71,86.41,44.95,9.66,49.15,47.07,93.0,Argentina,Argentina,ARG,32586.6312086783,2025.0,10.39165739762333,8.166644855833304
148,Djibouti,24.52,11.5,37.67,12.26,26.8,22.81,23.89,10.0,12.5,4.83,41.15,67.03,13.75,10.76,35.87,17.73,36.29,6.9,30.55,36.78,11.0,Djibouti,Djibouti,DJI,8451.96838146073,2025.0,9.042154637775417,8.24973104728226
26,Switzerland,66.95,39.0,68.97,89.2,73.93,61.41,59.84,60.0,25.0,31.63,83.77,91.52,100.0,78.4,72.84,75.02,60.33,51.77,75.34,86.35,33.33,Switzerland,Switzerland,CHE,102513.347221899,2025.0,11.537748285882143,8.376584942367174
102,Panama,39.3,23.0,53.03,41.75,61.33,20.84,30.73,20.0,25.0,8.67,67.14,83.27,43.5,40.0,60.65,62.01,28.19,3.65,36.43,39.46,22.0,Panama,Panama,PAN,43902.1632084954,2025.0,10.68971887366919,8.70628002939798
58,Kazakhstan,56.7,88.0,53.88,64.63,73.59,39.85,37.38,70.0,100.0,7.91,74.35,79.39,75.0,54.25,61.2,85.98,72.11,11.11,45.9,41.44,33.33,Kazakhstan,Kazakhstan,KAZ,44293.4839632441,2025.0,10.698592856348776,9.12527094438748
11,Denmark,74.75,92.5,59.51,94.02,85.26,58.91,90.01,100.0,87.5,12.74,76.07,89.72,100.0,88.05,70.54,99.98,70.04,44.33,67.23,80.02,100.0,Denmark,Denmark,DNK,83218.071525634,2025.0,11.329219809060474,9.155149092586399
16,Israel,71.32,92.0,62.7,90.38,70.61,64.66,61.32,80.0,100.0,21.14,79.17,87.8,100.0,80.76,65.87,75.35,68.31,45.54,86.51,55.96,66.67,Israel,Israel,ISR,59716.9735387228,2025.0,10.997371572852614,9.38431729672891
5,Republic of Korea,76.89,96.0,68.21,90.73,79.23,65.88,82.71,90.0,100.0,40.81,78.56,85.27,100.0,81.45,66.96,91.5,70.07,50.65,82.0,65.42,100.0,"Korea, Rep.","Korea, Rep.",KOR,63124.9152183625,2025.0,11.052870823501314,9.654966357158045
43,Philippines,60.51,84.5,49.5,83.34,69.17,43.96,58.17,80.0,87.5,10.39,63.02,75.1,87.5,79.18,43.21,95.14,64.65,17.32,58.79,49.68,66.67,Philippines,Philippines,PHL,12576.9867435109,2025.0,9.439623974020273,9.72178021377919
70,Nigeria,50.79,80.5,39.1,78.13,47.46,39.45,42.66,70.0,87.5,9.27,63.67,44.36,86.25,70.0,40.0,54.93,48.9,28.79,44.23,18.66,66.67,Nigeria,Nigeria,NGA,9531.61073275049,2025.0,9.162368999444173,10.604972847271938
77,Mexico,48.33,35.0,52.1,67.64,66.11,34.07,32.22,50.0,25.0,12.47,63.83,80.0,71.25,64.04,54.87,77.34,34.36,19.6,53.06,40.11,24.33,Mexico,Mexico,MEX,25868.4787520629,2025.0,10.160780469897267,10.735145429201303
13,Spain,74.22,92.0,65.72,87.98,78.21,61.98,81.7,80.0,100.0,25.03,80.4,91.73,87.5,88.45,67.28,89.14,80.32,47.4,63.08,63.41,100.0,Spain,Spain,ESP,59867.6944716701,2025.0,10.999892314269777,10.757102887085068
131,Lesotho,28.95,34.5,28.79,38.79,36.83,17.59,25.63,30.0,37.5,3.29,37.57,45.51,44.25,33.33,25.0,48.66,28.63,13.11,12.52,19.25,32.0,Lesotho,Lesotho,LSO,3184.11725194709,2025.0,8.065930371646504,11.79200257050779
49,Russian Federation,59.57,65.5,57.23,74.14,69.78,49.64,47.13,70.0,62.5,21.43,66.6,83.67,75.0,73.29,66.15,73.42,59.58,38.55,54.48,44.25,50.0,Russian Federation,Russian Federation,RUS,49568.140625,2025.0,10.811103580224353,12.414243700924828
137,Eswatini,27.7,16.0,35.45,42.99,34.88,10.61,29.06,40.0,0.0,2.08,49.71,54.56,45.75,40.23,45.87,23.89,20.26,3.25,10.78,24.78,33.33,Eswatini,Eswatini,SWZ,12529.2796629252,2025.0,9.435823557245156,12.437886828175884
171,Comoros,20.67,7.5,31.82,10.24,34.47,10.01,27.53,0.0,12.5,0.0,48.8,46.66,20.25,0.23,30.87,38.07,15.0,3.25,14.03,28.72,26.33,Comoros,Comoros,COM,4238.26133409182,2025.0,8.351908401413104,13.440029036683509
88,Tunisia,42.23,19.5,43.61,59.0,51.19,36.68,36.76,30.0,12.5,4.83,56.95,69.05,48.0,70.0,50.0,52.38,53.54,15.64,47.88,40.18,33.33,Tunisia,Tunisia,TUN,15233.4885842318,2025.0,9.631251479687316,13.682729821553863
64,Colombia,56.02,80.5,53.74,67.13,70.7,35.33,50.28,70.0,87.5,11.28,75.86,74.08,54.25,80.0,56.09,85.3,43.46,17.03,51.58,50.56,50.0,Colombia,Colombia,COL,22640.4224606513,2025.0,10.027492192065786,13.92291750537376
104,El Salvador,38.88,12.0,32.62,49.75,64.19,28.58,52.9,30.0,0.0,4.16,48.98,44.74,49.5,50.0,49.16,79.22,30.4,20.63,37.36,41.46,64.33,El Salvador,El Salvador,SLV,14101.1774819291,2025.0,9.554013582236221,13.983014475983083
28,Portugal,66.09,57.5,55.38,93.55,81.87,52.86,69.68,50.0,62.5,11.67,72.11,82.36,100.0,87.11,69.05,94.69,66.16,37.3,60.32,72.69,66.67,Portugal,Portugal,PRT,53145.7317498942,2025.0,10.880793074804949,14.285398226518979
38,Malaysia,62.34,80.5,60.52,78.48,64.78,55.36,38.33,70.0,87.5,19.78,76.92,84.88,75.0,81.97,65.6,63.95,77.41,32.08,64.37,43.32,33.33,Malaysia,Malaysia,MYS,41497.6746089548,2025.0,10.633392671129693,14.487839490719779
51,Latvia,59.14,72.5,53.07,82.35,81.44,37.18,47.58,50.0,87.5,9.77,63.08,86.35,75.0,89.7,67.65,95.23,56.31,13.06,50.21,61.83,33.33,Latvia,Latvia,LVA,46136.689377286,2025.0,10.73936377746916,14.973358447611474
76,Iran (Islamic Republic of),48.34,84.5,48.86,44.01,51.4,37.59,39.72,80.0,87.5,9.13,66.55,70.89,57.25,30.76,55.87,46.93,56.31,13.47,51.02,29.44,50.0,"Iran, Islamic Rep.","Iran, Islamic Rep.",IRN,19699.2193549189,2025.0,9.88833428728706,15.757344523693028
161,Mozambique,22.31,8.0,29.21,30.79,21.2,11.46,35.42,20.0,0.0,5.84,52.88,28.92,18.25,43.33,20.0,22.4,21.3,2.16,14.02,37.51,33.33,Mozambique,Mozambique,MOZ,1697.94109338132,2025.0,7.437171674503512,16.07454284350044
18,Finland,70.3,80.5,61.63,84.2,81.77,63.01,62.0,70.0,87.5,19.27,72.79,92.83,87.5,80.89,74.3,89.24,79.96,42.21,73.78,90.67,33.33,Finland,Finland,FIN,65884.4876972259,2025.0,11.09565830123729,16.363282871794425
14,Japan,72.24,70.0,70.62,80.46,72.71,66.13,80.75,100.0,50.0,50.49,75.98,85.38,75.0,85.92,71.86,73.57,81.69,50.8,71.0,61.5,100.0,Japan,Japan,JPN,55421.8797530311,2025.0,10.922729736157006,16.476275581084153
127,Burkina Faso,29.45,23.0,23.39,48.13,48.35,15.03,30.78,20.0,25.0,2.08,35.83,32.26,36.25,60.0,30.0,66.69,34.17,2.27,12.92,35.22,26.33,Burkina Faso,Burkina Faso,BFA,3071.62546744866,2025.0,8.029962168686719,17.3230111975669
47,Cyprus,59.71,73.0,58.17,76.52,81.29,36.07,51.81,70.0,75.0,8.83,74.49,91.2,75.0,78.05,75.54,87.04,57.25,14.24,43.99,53.62,50.0,Cyprus,Cyprus,CYP,64574.62109375,2025.0,11.075576750254221,17.89975241820629
42,Greece,60.51,76.5,52.39,75.53,78.76,41.5,62.47,60.0,87.5,9.4,69.5,78.28,75.0,76.05,70.65,86.86,52.93,23.77,53.7,58.27,66.67,Greece,Greece,GRC,45263.6498511586,2025.0,10.720259557808852,18.255399378713832
94,Mongolia,40.86,35.0,44.37,49.0,69.4,20.5,33.84,50.0,25.0,5.84,58.96,68.32,48.0,50.0,60.0,78.8,28.76,1.43,37.68,41.34,26.33,Mongolia,Mongolia,MNG,20797.7652692242,2025.0,9.942600820937823,19.086192529489523
12,Canada,74.66,92.5,72.32,76.85,78.6,69.03,67.57,100.0,87.5,44.24,83.55,89.17,72.5,81.19,77.58,79.63,83.55,57.07,70.46,68.47,66.67,Canada,Canada,CAN,66745.8248561648,2025.0,11.108647025334914,19.451526709885528
91,Ethiopia,41.58,49.5,28.45,54.88,44.65,38.7,49.09,30.0,62.5,5.37,42.17,37.8,59.75,50.0,35.0,54.3,56.79,20.25,45.22,31.52,66.67,Ethiopia,Ethiopia,ETH,3621.67487597821,2025.0,8.19469187074186,19.891060593252362
6,Germany,76.78,84.5,73.28,91.17,82.89,66.24,73.37,80.0,87.5,56.98,68.09,94.76,100.0,82.35,80.18,85.6,75.54,53.38,74.1,63.41,83.33,Germany,Germany,DEU,75406.6888111618,2025.0,11.230651261084823,20.250344098861262
84,Dominican Republic,43.73,61.0,36.86,55.38,70.62,22.39,39.19,40.0,75.0,4.16,58.75,47.66,60.75,50.0,66.98,74.26,32.42,2.42,38.98,45.04,33.33,Dominican Republic,Dominican Republic,DOM,28721.0964580217,2025.0,10.265387199941138,21.30080705444722
41,Ukraine,60.84,73.5,52.4,83.0,80.24,40.34,58.21,90.0,62.5,10.99,66.37,79.84,73.75,92.25,60.84,99.63,45.88,27.6,51.81,56.76,59.67,Ukraine,Ukraine,UKR,18904.98046875,2025.0,9.847180683198342,21.33490667602291
46,Indonesia,59.87,77.0,60.28,61.25,73.77,44.09,58.27,80.0,75.0,21.15,73.34,86.36,62.5,60.0,60.95,86.59,45.48,27.51,64.82,49.86,66.67,Indonesia,Indonesia,IDN,17659.7921291587,2025.0,9.77904570337286,22.450802414886525
7,Singapore,76.42,85.0,74.46,78.3,92.5,64.15,76.42,100.0,75.0,41.99,86.39,95.01,75.0,81.6,93.92,91.08,85.17,44.31,69.59,52.85,100.0,Singapore,Singapore,SGP,163353.990260152,2025.0,12.003674844402441,22.57798101470182
45,Viet Nam,59.98,53.5,57.41,88.05,73.21,47.03,43.28,40.0,62.5,10.66,77.94,83.62,100.0,76.09,62.22,84.2,66.53,22.12,60.74,53.23,33.33,Viet Nam,Viet Nam,VNM,18088.491587163,2025.0,9.803031191118523,23.3666979595873
74,Rwanda,48.54,73.0,33.92,78.75,53.62,29.36,55.62,70.0,75.0,4.16,52.7,44.9,87.5,70.0,40.98,66.27,37.61,11.94,44.34,44.57,66.67,Rwanda,Rwanda,RWA,4164.436605809,2025.0,8.33433627673798,23.809451221569454
37,New Zealand,62.7,92.0,57.24,71.88,64.32,49.33,64.3,80.0,100.0,12.18,71.42,88.12,73.75,70.0,80.0,48.63,57.24,32.49,63.88,68.93,59.67,New Zealand,New Zealand,NZL,57350.3627657521,2025.0,10.95693444800834,24.111301865843586
29,Lithuania,65.31,80.5,55.11,91.67,84.3,45.56,57.02,70.0,87.5,8.98,68.4,87.95,94.75,88.6,80.0,88.6,68.62,25.68,48.99,67.38,46.67,Lithuania,Lithuania,LTU,56837.8067003598,2025.0,10.947956994210369,24.24383852387672
9,Australia,75.73,100.0,70.02,79.04,82.67,62.7,82.94,100.0,100.0,40.81,78.7,90.54,75.0,83.08,84.03,81.3,81.39,42.38,71.12,65.89,100.0,Australia,Australia,AUS,71934.4033931263,2025.0,11.183509918742798,24.79630490354063
101,Bhutan,39.38,12.0,36.49,51.04,73.11,28.24,33.79,30.0,0.0,3.29,59.35,46.82,48.75,53.33,65.0,81.22,22.73,24.85,38.28,41.91,25.67,Bhutan,Bhutan,BTN,19594.0028382994,2025.0,9.882978820760114,24.96640877193792
1,United States of America,88.36,92.5,91.77,82.5,92.87,88.16,78.28,100.0,87.5,90.92,89.61,94.77,75.0,90.0,87.9,97.84,74.56,100.0,85.96,56.55,100.0,United States,United States,USA,90026.5163005744,2025.0,11.407859531480751,25.354168904574493
15,Saudi Arabia,71.57,92.0,62.93,93.21,88.62,54.48,57.39,80.0,100.0,25.94,75.02,87.83,100.0,86.41,85.99,91.25,69.52,36.2,63.82,48.12,66.67,Saudi Arabia,Saudi Arabia,SAU,73783.5613906833,2025.0,11.20889124039343,26.381593362413113
48,Bahrain,59.57,46.5,58.04,72.5,83.37,48.5,49.08,60.0,37.5,12.12,79.36,82.65,75.0,70.0,85.91,80.83,69.53,27.83,55.03,48.16,50.0,Bahrain,Bahrain,BHR,70996.7821254802,2025.0,11.170389832820037,26.87000039676647
35,Hungary,63.17,77.0,56.02,82.31,82.61,45.24,54.17,80.0,75.0,8.98,72.59,86.49,87.5,77.12,80.86,84.36,72.81,20.02,51.29,58.35,50.0,Hungary,Hungary,HUN,49837.6008411067,2025.0,10.816525015085741,27.044205543732076
108,Fiji,37.26,15.5,38.16,27.27,65.94,31.16,44.0,20.0,12.5,0.0,49.84,64.65,23.0,31.54,64.51,67.36,26.97,33.3,32.48,61.66,26.33,Fiji,Fiji,FJI,16337.5722970567,2025.0,9.701222783144214,27.159723923991365
3,United Kingdom of Great Britain and Northern Ireland,77.75,100.0,72.49,92.27,68.93,68.46,83.3,100.0,100.0,50.34,70.57,96.55,100.0,84.55,85.02,52.84,70.05,61.7,75.9,66.59,100.0,United Kingdom,United Kingdom,GBR,64606.4955066338,2025.0,11.076070234354212,27.372466974596406
4,Netherlands,77.18,92.0,69.85,94.19,94.01,62.5,66.61,80.0,100.0,39.17,81.49,88.87,100.0,88.38,90.0,98.03,78.49,46.51,67.82,66.55,66.67,Netherlands,Netherlands,NLD,87320.1477254029,2025.0,11.377336502432982,27.904788908205546
55,Uruguay,58.47,61.5,56.52,84.5,83.22,31.19,52.35,60.0,62.5,7.19,76.44,85.94,99.0,70.0,77.85,88.58,38.56,13.94,46.84,54.71,50.0,Uruguay,Uruguay,URY,38314.8861221656,2025.0,10.553593771252512,27.91593293931342
124,Togo,30.59,16.0,32.13,55.0,41.04,12.04,35.37,40.0,0.0,3.29,45.33,47.75,50.0,60.0,45.91,36.18,23.05,2.95,13.16,37.41,33.33,Togo,Togo,TGO,4079.36376686718,2025.0,8.313696315745043,29.04416473093403
62,Uzbekistan,56.11,80.5,47.05,79.13,64.42,43.83,38.04,70.0,87.5,5.84,62.26,73.06,74.0,84.25,63.97,64.87,72.95,21.01,45.14,42.75,33.33,Uzbekistan,Uzbekistan,UZB,13601.2917473678,2025.0,9.517920048637796,29.325873394268257
68,Kenya,52.55,69.0,39.17,70.63,62.14,35.48,70.74,60.0,75.0,9.13,52.81,55.57,61.25,80.0,54.85,69.43,47.06,17.41,47.99,41.48,100.0,Kenya,Kenya,KEN,7015.93578839722,2025.0,8.855939381843264,29.97887888490292
82,Zambia,43.9,53.5,35.25,61.25,53.49,30.08,50.11,40.0,62.5,4.16,53.01,48.56,62.5,60.0,48.84,58.15,34.12,21.26,37.79,33.54,66.67,Zambia,Zambia,ZMB,4379.26131013191,2025.0,8.384635338492556,30.926872123177418
40,Serbia,60.96,100.0,52.75,78.64,83.92,35.78,44.42,100.0,100.0,7.91,67.63,82.7,75.0,82.29,80.0,87.85,41.44,23.42,46.62,55.5,33.33,Serbia,Serbia,SRB,33909.7605745332,2025.0,10.431458174479399,31.86905486981547
66,Ecuador,53.04,76.5,47.34,61.63,79.31,27.94,54.32,60.0,87.5,6.9,72.03,63.08,73.25,50.0,70.0,88.63,50.64,15.09,22.37,41.98,66.67,Ecuador,Ecuador,ECU,16756.6539631307,2025.0,9.726550709899906,32.2758006666123
122,Cabo Verde,32.16,15.5,35.0,35.49,66.55,11.59,36.58,20.0,12.5,0.0,55.69,49.32,20.75,50.23,65.87,67.23,17.33,5.53,13.92,46.82,26.33,Cabo Verde,Cabo Verde,CPV,12165.2989335356,2025.0,9.406342828161542,32.873119066297306
34,Thailand,63.22,88.0,56.38,70.44,85.86,52.58,37.35,70.0,100.0,21.34,70.85,76.96,75.0,65.88,77.69,94.03,68.01,36.24,58.94,41.36,33.33,Thailand,Thailand,THA,26250.0723587304,2025.0,10.175424024539033,33.33895854173619
90,Benin,41.71,61.0,26.99,61.25,63.05,26.89,34.9,40.0,75.0,0.0,45.56,35.41,62.5,60.0,54.85,71.25,34.57,12.68,38.16,36.47,33.33,Benin,Benin,BEN,4816.87504692826,2025.0,8.479880666274727,35.530738744872316
19,United Arab Emirates,69.86,73.0,73.77,72.5,97.27,57.34,43.15,70.0,75.0,40.49,86.75,94.06,75.0,70.0,96.63,97.91,71.72,38.61,67.95,52.98,33.33,United Arab Emirates,United Arab Emirates,ARE,79343.7793099888,2024.0,11.281545327292157,35.94898078353444
135,Papua New Guinea,27.98,15.5,31.23,27.81,43.01,19.33,31.7,20.0,12.5,2.08,44.39,47.22,29.0,26.61,56.78,29.23,24.5,11.67,24.37,30.06,33.33,Papua New Guinea,Papua New Guinea,PNG,5214.768271628,2025.0,8.559249931476948,36.28898811299216
27,India,66.55,96.0,63.31,64.03,79.07,54.85,59.46,90.0,100.0,48.5,65.28,76.15,62.5,65.56,71.19,86.96,58.83,47.14,61.15,35.58,83.33,India,India,IND,11747.9160436011,2025.0,9.37143114585112,38.70852998389881
71,Republic of Moldova,50.59,61.5,47.55,56.67,82.33,22.4,61.06,60.0,62.5,5.84,57.19,79.62,50.0,63.33,80.0,84.66,32.62,11.14,27.19,55.46,66.67,Moldova,Moldova,MDA,19995.7590923995,2025.0,9.903275484671303,39.66676345328213
185,Burundi,17.22,11.5,16.63,11.63,36.43,12.19,16.62,10.0,12.5,0.0,18.12,31.75,3.25,20.0,40.0,32.87,23.29,2.77,13.64,33.23,0.0,Burundi,Burundi,BDI,1248.05425025467,2025.0,7.129341017739935,40.61913281363303
2,France,80.81,77.5,76.27,90.0,97.18,68.2,88.63,100.0,62.5,51.11,84.43,93.26,100.0,80.0,98.26,96.1,81.07,56.88,70.44,77.26,100.0,France,France,FRA,63975.353585864,2025.0,11.066253187950801,40.7573987727816
93,United Republic of Tanzania,41.45,15.5,34.68,66.25,69.24,29.23,35.98,20.0,12.5,7.45,50.97,45.62,62.5,70.0,60.0,78.48,21.86,20.96,47.63,38.64,33.33,Tanzania,Tanzania,TZA,4470.9541015625,2025.0,8.405357110371066,41.78095081685744
75,Bangladesh,48.37,69.0,39.02,63.93,82.78,26.97,29.64,60.0,75.0,8.31,60.06,48.7,56.5,71.37,72.12,93.44,35.12,5.44,47.53,25.94,33.33,Bangladesh,Bangladesh,BGD,10153.7083791829,2025.0,9.22559427529808,41.79156043953631
21,Estonia,69.56,96.0,54.29,90.0,99.63,46.01,64.38,90.0,100.0,7.69,67.21,87.97,100.0,80.0,99.38,99.88,60.67,26.77,56.98,62.09,66.67,Estonia,Estonia,EST,52105.5093433416,2025.0,10.861025967704373,44.90722555006201
60,Peru,56.52,72.5,45.52,72.5,90.4,31.57,55.57,50.0,87.5,8.12,64.58,63.86,75.0,70.0,84.86,95.94,38.12,14.83,47.35,44.48,66.67,Peru,Peru,PER,18816.1045522938,2025.0,9.84246840724615,45.424475322154464
113,Uganda,35.76,12.0,33.92,45.75,70.84,20.91,33.65,30.0,0.0,4.83,52.84,44.09,41.5,50.0,60.0,81.67,25.59,1.61,41.99,33.97,33.33,Uganda,Uganda,UGA,3487.69797525182,2025.0,8.156997191615726,45.44755767020061
63,Jordan,56.07,69.5,48.26,69.64,79.99,35.47,57.39,80.0,62.5,6.59,67.32,70.86,75.0,64.27,82.76,77.23,36.53,15.81,60.63,48.12,66.67,Jordan,Jordan,JOR,12631.6299394746,2025.0,9.443959260024613,49.207777175549936
22,Brazil,69.55,88.0,65.5,78.18,94.78,46.57,67.88,70.0,100.0,38.57,79.67,78.27,75.0,81.35,91.91,97.66,46.54,37.15,59.17,52.42,83.33,Brazil,Brazil,BRA,23433.2897595431,2025.0,10.06191292964996,49.23475454189821
