iso3,country,Lack_Coping_Capacity,Hazard_Exposure,INFORM_Risk,Vulnerability,gdp,log_gdp
AFG,Afghanistan,7.1,8.7,8.1,8.5,2236.19907311431,7.7125328612217725
AGO,Angola,6.7,4.2,5.2,5.1,10251.3457063657,9.235164264374905
ALB,Albania,4.2,3.4,3.1,2.0,28220.7950617158,10.247814398706454
ARE,United Arab Emirates,1.8,2.5,1.7,1.0,79343.7793099888,11.281545327292157
ARG,Argentina,3.6,2.5,2.9,2.7,32586.6312086783,10.39165739762333
ARM,Armenia,4.5,2.0,2.9,2.8,24754.2118320452,10.116750928550838
ATG,Antigua and Barbuda,3.6,2.0,2.3,1.7,35832.4795485115,10.486610011044721
AUS,Australia,2.1,2.7,2.4,2.3,71934.4033931263,11.183509918742798
AUT,Austria,1.5,1.5,1.9,3.2,76777.5421537618,11.248667456499842
AZE,Azerbaijan,4.5,5.0,4.8,5.0,26112.5306828203,10.170170580888364
BDI,Burundi,6.7,4.1,5.6,6.4,1248.05425025467,7.129341017739935
BEL,Belgium,1.8,1.9,2.1,2.6,74675.607672673,11.22090878061629
BEN,Benin,6.6,2.5,4.3,4.8,4816.87504692826,8.479880666274727
BFA,Burkina Faso,6.4,6.9,7.0,7.9,3071.62546744866,8.029962168686719
BGD,Bangladesh,4.8,6.9,5.7,5.5,10153.7083791829,9.22559427529808
BGR,Bulgaria,3.1,1.8,2.7,3.6,44451.1001576913,10.70214499109001
BHR,Bahrain,2.8,0.9,1.4,1.0,70996.7821254802,11.170389832820037
BHS,"Bahamas, The",3.1,1.7,2.1,1.7,41257.7650774105,10.627594618347953
BIH,Bosnia and Herzegovina,5.0,1.5,3.1,3.8,25814.2641520511,10.158682492241635
BLR,Belarus,3.0,0.9,1.8,2.0,34715.9778689211,10.454955317274623
BLZ,Belize,5.0,2.1,3.6,4.4,14965.7521203147,9.613519677648314
BOL,Bolivia,5.3,2.4,3.6,3.7,12873.0394876629,9.462890441134375
BRA,Brazil,4.3,5.7,4.6,3.9,23433.2897595431,10.06191292964996
BRB,Barbados,2.6,2.2,2.0,1.5,25893.8676913012,10.161761450977872
BRN,Brunei Darussalam,3.5,1.3,2.4,2.9,92429.9262686398,11.434206082559054
BTN,Bhutan,4.0,1.5,2.8,3.7,19594.0028382994,9.882978820760114
BWA,Botswana,4.5,1.1,2.6,3.7,20697.9104661898,9.937788030495978
CAF,Central African Republic,8.8,8.1,8.7,9.1,1313.8765680523,7.1807372585990334
CAN,Canada,2.4,2.5,2.4,2.4,66745.8248561648,11.108647025334914
CHE,Switzerland,0.9,1.2,1.4,2.8,102513.347221899,11.537748285882143
CHL,Chile,2.7,3.3,3.2,3.6,37774.0879069903,10.539378641435546
CHN,China,3.2,5.5,3.0,1.6,29333.3311051433,10.286479728831207
CIV,Cote d'Ivoire,6.6,2.2,4.6,6.5,8208.90898574972,9.01297530515679
CMR,Cameroon,5.9,7.2,6.6,6.8,5787.85440270861,8.663516932408825
COD,"Congo, Dem. Rep.",8.0,7.2,7.7,7.9,1919.82250200565,7.5599880138762945
COG,"Congo, Rep.",7.5,3.0,5.0,5.7,7248.44439070757,8.888542158027017
COL,Colombia,3.5,6.7,5.2,6.1,22640.4224606513,10.027492192065786
COM,Comoros,7.1,1.1,3.3,4.8,4238.26133409182,8.351908401413104
CPV,Cabo Verde,3.7,0.9,2.4,3.9,12165.2989335356,9.406342828161542
CRI,Costa Rica,2.4,3.1,3.2,4.3,33814.7696296148,10.428652957317338
CYP,Cyprus,2.6,1.6,2.6,4.2,64574.62109375,11.075576750254221
CZE,Czechia,1.9,0.9,1.8,3.5,60487.2877495391,11.010188502098337
DEU,Germany,1.6,2.4,2.4,3.7,75406.6888111618,11.230651261084823
DJI,Djibouti,6.1,3.2,4.9,5.9,8451.96838146073,9.042154637775417
DMA,Dominica,4.1,2.1,3.0,3.1,22713.1288027433,10.030698397637355
DNK,Denmark,1.2,1.1,1.4,2.2,83218.071525634,11.329219809060474
DOM,Dominican Republic,4.2,4.0,4.1,4.2,28721.0964580217,10.265387199941138
DZA,Algeria,4.4,3.8,3.6,2.8,18586.2607480579,9.830177917291334
ECU,Ecuador,3.9,5.7,4.7,4.7,16756.6539631307,9.726550709899906
EGY,"Egypt, Arab Rep.",4.6,6.5,4.9,3.9,20204.0130500153,9.913636529500193
ERI,Eritrea,7.7,7.0,6.0,4.1,1742.32363018235,7.462974920973833
ESP,Spain,1.8,2.3,2.3,2.9,59867.6944716701,10.999892314269777
EST,Estonia,1.5,0.8,1.6,3.5,52105.5093433416,10.861025967704373
ETH,Ethiopia,6.7,7.2,7.0,7.2,3621.67487597821,8.19469187074186
FIN,Finland,1.3,1.3,1.5,2.2,65884.4876972259,11.09565830123729
FJI,Fiji,2.7,2.8,2.9,3.2,16337.5722970567,9.701222783144214
FRA,France,1.9,2.3,2.4,3.0,63975.353585864,11.066253187950801
FSM,"Micronesia, Fed. Sts.",5.1,1.7,3.2,3.8,4604.39540764468,8.434766649656316
GAB,Gabon,5.9,1.7,3.2,3.4,22218.341068445,10.008673401020557
GBR,United Kingdom,1.6,2.1,2.1,2.7,64606.4955066338,11.076070234354212
GEO,Georgia,3.2,2.6,3.5,5.0,29414.3813424216,10.289238995033239
GHA,Ghana,4.8,2.2,3.5,4.0,8610.2796922986,9.06071208148169
GIN,Guinea,6.9,2.8,4.5,4.7,4934.65125959855,8.504037282622555
GMB,"Gambia, The",5.4,1.5,3.6,5.8,3705.64184038599,8.21761175899804
GNB,Guinea-Bissau,7.9,1.4,3.9,5.4,3293.09532269486,8.099583229025386
GNQ,Equatorial Guinea,7.0,1.3,3.1,3.3,16133.1056143137,9.688628689121732
GRC,Greece,2.2,2.8,2.6,2.9,45263.6498511586,10.720259557808852
GRD,Grenada,3.7,1.4,2.2,2.1,21345.9653408221,9.968618023787691
GTM,Guatemala,5.3,4.1,5.1,6.1,15197.0831415082,9.628858789834492
GUY,Guyana,4.7,2.4,3.6,4.0,97899.0116180627,11.491691732635797
HND,Honduras,5.3,3.7,4.8,5.6,7871.09129065536,8.97095199643059
HRV,Croatia,3.0,2.4,2.4,2.0,50946.1671131832,10.838524807424276
HTI,Haiti,7.2,8.0,7.2,6.6,3133.72347930529,8.049977186510578
HUN,Hungary,2.0,1.7,1.9,2.1,49837.6008411067,10.816525015085741
IDN,Indonesia,4.4,6.7,4.6,3.3,17659.7921291587,9.77904570337286
IND,India,4.2,7.4,5.3,4.7,11747.9160436011,9.37143114585112
IRL,Ireland,1.6,1.2,1.7,2.4,155089.413131749,11.951757088496748
IRN,"Iran, Islamic Rep.",4.5,7.4,5.4,4.8,19699.2193549189,9.88833428728706
IRQ,Iraq,6.5,8.6,6.7,5.5,14266.7965348226,9.565690195768473
ISL,Iceland,2.0,1.3,1.6,1.6,83431.2131434311,11.331777776644186
ISR,Israel,1.9,2.0,1.8,1.6,59716.9735387228,10.997371572852614
ITA,Italy,2.1,2.9,2.5,2.6,62802.5108384276,11.047750333160675
JAM,Jamaica,3.6,2.9,2.9,2.3,13291.253767787,9.49486148644401
JOR,Jordan,4.2,2.1,3.8,6.2,12631.6299394746,9.443959260024613
JPN,Japan,1.5,5.5,2.3,1.5,55421.8797530311,10.922729736157006
KAZ,Kazakhstan,3.6,6.4,3.2,1.4,44293.4839632441,10.698592856348776
KEN,Kenya,5.8,8.3,6.6,5.9,7015.93578839722,8.855939381843264
KGZ,Kyrgyz Republic,4.2,2.6,3.1,2.7,9219.51443675205,9.12907765103716
KHM,Cambodia,6.0,2.7,4.3,4.8,8542.6965378612,9.052831990790777
KIR,Kiribati,4.8,2.5,3.7,4.1,3936.61263730517,8.278075895781825
KNA,St. Kitts and Nevis,3.0,1.6,1.9,1.4,36777.262691657,10.512635071562103
KOR,"Korea, Rep.",1.5,3.6,1.9,1.2,63124.9152183625,11.052870823501314
KWT,Kuwait,3.7,1.4,2.5,3.0,56467.7272075432,10.941424554071249
LAO,Lao PDR,5.7,2.2,3.5,3.4,10382.9990718948,9.247925042916451
LBN,Lebanon,4.5,2.1,4.1,7.1,11917.4502960889,9.385759016404364
LBR,Liberia,7.8,2.1,4.6,5.8,1981.09483342188,7.591404917042843
LBY,Libya,6.8,4.0,4.8,4.0,16521.3998152838,9.71241177806654
LCA,St. Lucia,4.0,1.9,2.8,3.0,28673.8437920214,10.263740620069445
LKA,Sri Lanka,3.9,2.7,3.1,2.7,17065.0298635432,9.744786611327157
LSO,Lesotho,6.9,1.2,3.6,5.5,3184.11725194709,8.065930371646504
LTU,Lithuania,2.2,1.2,1.9,2.7,56837.8067003598,10.947956994210369
LUX,Luxembourg,1.4,0.5,1.1,2.0,156542.075847247,11.961080108081223
LVA,Latvia,2.5,1.3,2.4,4.2,46136.689377286,10.73936377746916
MAR,Morocco,4.7,3.2,3.6,3.2,11111.7080078125,9.31575460689423
MDA,Moldova,4.4,1.8,3.1,3.9,19995.7590923995,9.903275484671303
MDG,Madagascar,7.1,4.0,5.5,5.7,1952.48426903369,7.576857824848448
MDV,Maldives,3.7,1.5,2.2,2.0,28554.8945669737,10.259583638813165
MEX,Mexico,4.4,6.8,4.9,4.0,25868.4787520629,10.160780469897267
MHL,Marshall Islands,6.3,2.5,4.1,4.3,8964.32212870807,9.101007770097103
MKD,North Macedonia,3.6,1.7,2.2,1.7,28028.5664230631,10.240979498472147
MLI,Mali,6.5,7.2,6.8,6.7,3502.76132351788,8.16130688599692
MLT,Malta,2.6,0.9,1.7,2.1,72210.3392223985,11.187338517154709
MMR,Myanmar,6.6,9.0,7.1,6.1,6011.53492175516,8.701435389556398
MNE,Montenegro,3.1,1.7,2.7,3.6,35422.6449824931,10.475106583379208
MNG,Mongolia,4.5,1.7,2.9,3.3,20797.7652692242,9.942600820937823
MOZ,Mozambique,6.2,6.1,6.7,7.9,1697.94109338132,7.437171674503512
MRT,Mauritania,6.1,2.3,4.3,5.6,7675.51996658445,8.945791318249778
MUS,Mauritius,2.8,1.7,2.1,1.9,33666.64355884,10.424262820783962
MWI,Malawi,6.3,2.2,4.4,6.2,1899.29166528127,7.549236287897747
MYS,Malaysia,2.9,2.6,2.9,3.4,41497.6746089548,10.633392671129693
NAM,Namibia,5.0,2.3,3.8,4.8,11985.7200318677,9.39147122281672
NER,Niger,7.3,5.3,6.6,7.6,2177.25014417163,7.685817957790153
NGA,Nigeria,6.2,7.4,6.6,6.4,9531.61073275049,9.162368999444173
NIC,Nicaragua,5.3,3.5,4.1,3.8,9283.92301511154,9.136039475148781
NLD,Netherlands,1.2,2.9,2.1,2.6,87320.1477254029,11.377336502432982
NOR,Norway,1.6,1.4,1.7,2.2,104043.666429243,11.552565959514924
NPL,Nepal,5.4,3.2,4.1,4.1,6175.15897150244,8.728289905537663
NRU,Nauru,5.3,1.0,2.6,3.5,14200.486778198,9.56103152315659
NZL,New Zealand,1.8,2.1,1.4,0.8,57350.3627657521,10.95693444800834
OMN,Oman,4.1,2.7,2.5,1.4,42295.1761223734,10.65242831887115
PAK,Pakistan,5.3,7.2,6.1,5.9,6573.41613369925,8.790788935813733
PAN,Panama,4.0,2.9,3.6,3.9,43902.1632084954,10.68971887366919
PER,Peru,4.3,4.7,4.7,5.2,18816.1045522938,9.84246840724615
PHL,Philippines,4.2,7.7,5.3,4.6,12576.9867435109,9.439623974020273
PLW,Palau,4.1,1.3,2.7,3.9,23051.6787122681,10.045493874938524
PNG,Papua New Guinea,7.6,6.6,6.7,6.0,5214.768271628,8.559249931476948
POL,Poland,2.9,1.5,2.5,3.7,54262.4040405236,10.901586891175484
PRT,Portugal,1.9,1.8,2.0,2.2,53145.7317498942,10.880793074804949
PRY,Paraguay,4.3,1.5,2.7,2.9,20181.4242826808,9.912517870340752
PSE,West Bank and Gaza,4.1,2.1,3.7,6.1,4999.71301859773,8.517135793488555
QAT,Qatar,2.6,0.9,1.4,1.2,128882.934242572,11.76665978483697
ROU,Romania,3.3,2.0,2.6,2.7,50895.081617639,10.837521569532644
RUS,Russian Federation,4.4,5.4,4.4,3.6,49568.140625,10.811103580224353
RWA,Rwanda,5.0,2.5,4.2,5.9,4164.436605809,8.33433627673798
SAU,Saudi Arabia,3.3,6.2,3.6,2.2,73783.5613906833,11.20889124039343
SDN,Sudan,6.7,7.2,7.3,7.9,2192.27221679688,7.692693826852329
SEN,Senegal,5.3,2.6,4.1,4.9,5463.21828561328,8.605793324693057
SGP,Singapore,1.1,0.6,0.7,0.5,163353.990260152,12.003674844402441
SLB,Solomon Islands,6.5,3.2,4.5,4.5,2787.61656406214,7.932942231597987
SLE,Sierra Leone,6.4,2.1,4.2,5.7,3716.89410482498,8.220643680471184
SLV,El Salvador,4.3,3.5,4.0,4.1,14101.1774819291,9.554013582236221
SOM,Somalia,8.5,8.9,8.5,8.2,1642.77032278186,7.40413931689723
SRB,Serbia,3.7,1.8,2.9,3.5,33909.7605745332,10.431458174479399
SSD,South Sudan,9.4,7.2,8.5,9.2,1154.88686304107,7.051757664081085
STP,Sao Tome and Principe,5.3,0.7,2.6,4.9,6388.47738664299,8.762251238327686
SUR,Suriname,5.1,1.8,3.0,3.0,22652.3952637959,10.028020876480888
SVK,Slovak Republic,2.5,1.3,2.1,2.8,49308.7048471448,10.805855913351929
SVN,Slovenia,1.6,1.7,1.6,1.4,59244.7106359661,10.989431783045582
SWE,Sweden,1.5,1.4,1.9,3.1,72528.8892631159,11.191740234068348
SWZ,Eswatini,5.3,1.5,3.3,4.5,12529.2796629252,9.435823557245156
SYC,Seychelles,2.6,1.2,1.5,1.0,35854.0281615068,10.487211201263987
SYR,Syrian Arab Republic,5.6,8.5,7.2,7.8,4905.15252202552,8.498041466730191
TCD,Chad,8.7,7.1,7.8,7.8,2902.7406157583,7.973410609622138
TGO,Togo,7.5,2.1,4.3,4.9,4079.36376686718,8.313696315745043
THA,Thailand,3.9,5.6,4.4,3.8,26250.0723587304,10.175424024539033
TJK,Tajikistan,4.8,4.8,4.4,3.7,5923.47183321348,8.686678014291667
TKM,Turkmenistan,5.8,2.4,2.9,1.7,22601.5518373128,10.025773848270841
TLS,Timor-Leste,5.7,1.8,3.6,4.6,4809.49016945191,8.478346363605118
TON,Tonga,4.0,2.1,3.3,4.3,8674.68048447494,9.06816377237594
TTO,Trinidad and Tobago,3.2,2.0,2.8,3.4,37121.2050020847,10.52194364871389
TUN,Tunisia,4.7,2.6,3.0,2.2,15233.4885842318,9.631251479687316
TUR,Turkiye,3.2,6.0,4.8,5.6,45288.4750285273,10.720807864721001
TUV,Tuvalu,4.6,1.3,3.0,4.6,6759.27941373717,8.818671567754285
TZA,Tanzania,5.9,4.1,5.1,5.5,4470.9541015625,8.405357110371066
UGA,Uganda,6.9,7.2,7.0,6.9,3487.69797525182,8.156997191615726
UKR,Ukraine,4.5,5.4,5.1,5.6,18904.98046875,9.847180683198342
URY,Uruguay,2.6,1.1,2.1,3.1,38314.8861221656,10.553593771252512
USA,United States,2.2,4.8,3.2,3.0,90026.5163005744,11.407859531480751
UZB,Uzbekistan,3.6,3.0,3.2,3.0,13601.2917473678,9.517920048637796
VCT,St. Vincent and the Grenadines,3.4,1.8,2.6,3.0,22799.4005332261,10.034489522194518
VEN,"Venezuela, RB",5.0,5.3,4.7,3.8,21282.6399697602,9.965646994490266
VNM,Vietnam,4.0,4.6,3.7,2.7,18088.491587163,9.803031191118523
VUT,Vanuatu,5.5,2.9,4.2,4.5,4525.23645747645,8.41742511056464
WSM,Samoa,4.1,1.7,3.0,3.7,9318.95775945515,9.139806073041736
YEM,"Yemen, Rep.",7.9,6.5,7.5,8.2,3164.32154223615,8.059693948956715
ZAF,South Africa,4.0,4.9,4.5,4.6,15905.6794419658,9.674431522036357
ZMB,Zambia,5.7,1.8,3.9,5.9,4379.26131013191,8.384635338492556
ZWE,Zimbabwe,5.8,2.3,4.1,5.3,6470.41613223905,8.774995702619737
