SN,Sector,Focus Area,Key Project,Responsible Agency,Supporting Agency,Impact
1,Governance,Formulating Necessary Laws and Standards to Build a Secure and Sustainable AI Ecosystem,"Develop laws to address potential challenges to national sovereignty, territorial integrity, national interests, self-respect, and independence posed by AI while also regulating AI technology, infrastructure, human resources, and its development and application.","National AI Center, National AI Council","MoCIT, OPMCM, MoF, MoLJPA","Enhanced National Security & Sovereignty, Economic Growth & Innovation, Ethical AI Governance, Workforce Development, Sustainable AI Ecosystem"
2,Agriculture and Food Security,"AI-powered Smart Farming: Precision agriculture using AI for weather prediction, soil health monitoring, and crop disease detection. Supply Chain Optimization: AI to reduce food waste and improve distribution channels.","Robust Digital Infrastructure (IoT devices), Data Ecosystem Development, Skilled Workforce and Education, Research and Innovation Ecosystem.",Ministry of Agriculture and Livestock Development (implied),"Research Institutions, Private Sector","Increased crop yields through precision farming, Reduction of food waste, Enhanced resilience to climate change."
3,Education and Skill Development,Personalized Learning Systems: Adaptive AI-based platforms tailored to individual student needs. Virtual Classrooms: AI-driven tools for remote education.,"AI-integrated curriculums, teacher training programs, smart classrooms, AI tutoring tools.","Ministry of Education, Science, and Technology (MoEST)","Universities, Private Sector","Improved access to quality education in rural areas, Better alignment of skills with market needs, Reduction of education inequality."
4,Healthcare,Telemedicine Platforms: AI-powered diagnosis and consultation. Disease Prediction & Management: AI models for tracking and controlling epidemics.,"Telemedicine platforms, diagnostic AI tools, secure patient data storage and analysis, drug development acceleration.",Ministry of Health and Population (MoHP),"Hospitals, Research Institutions","Early detection and management of diseases, Expanded access to healthcare in underserved regions, Accelerated pharmaceutical research."
5,Governance and Public Services,"E-Governance Platforms, Corruption Detection, Social Services and Poverty Alleviation, Defense and Security.","AI-driven public service portals, corruption monitoring, targeted social welfare analytics, border management.","Department of Information Technology (DoIT), National AI Center",Relevant Ministries,"Greater transparency and efficiency in public service delivery, Reduced corruption, Enhanced citizen engagement."
6,Disaster Management,"Early Warning Systems, Resource Allocation, Environmental and Natural Resource Management.","Deployment of sensors, predictive algorithms for flood/landslide forecasting, real-time disaster mapping via drones.","National Disaster Management Authority (NDMA), National AI Center","Ministry of Environment, Defense Bodies","Lives and property saved through early disaster warnings, More effective resource allocation, Improved resilience against natural calamities."
7,Tourism and Cultural Preservation,"AI-Powered Virtual Tourism, Cultural Digitization.","AI-powered virtual tour platforms, interactive travel guides, visitor data analytics, AI-driven marketing.","Ministry of Culture, Tourism, and Civil Aviation","Private tourism firms, UNESCO, Research Institutions","Increased tourism through immersive experiences, Preservation and accessibility of cultural heritage."
8,Employment and Entrepreneurship,"AI-Enabled Job Matching Platforms, AI for Startups, Smart Factories & Industrial Automation.","Employment matching platforms, AI startup support hubs, smart factory automation solutions, AI skills training.","Ministry of Labour, Employment, and Social Security","Private sector firms, Business incubators, Universities","Empowered entrepreneurship, Increased job creation in data science and automation, Reduced unemployment, Enhanced productivity in SMEs."
9,Urban Development and Smart Infrastructure,"Smart Cities, Construction Monitoring, Transportation & Logistics.","Smart traffic management systems, automated parking, urban mobility data ecosystems, AI in smart construction.",Ministry of Urban Development,"Municipalities, Smart City Projects, Private Technology Firms","Improved urban living standards, Reduced traffic congestion and energy consumption, Enhanced public transport efficiency."
10,Financial Services and Inclusion,"AI in Microfinance, Fraud Detection, AI-Powered Credit Scoring.","AI credit scoring models, banking fraud detection & prevention systems, AI financial literacy tools.",Ministry of Finance,"Central Bank, Commercial Banks, Fintech Startups","Broader access to financial services for marginalized communities, Reduced fraud, Improved financial literacy."
11,Renewable Energy,"Energy Forecasting, Smart Grids, AI-Integrated Smart Grids.","AI-integrated smart grids, renewable energy prediction models, public-private green energy collaborations.",Ministry of Energy,"Renewable Energy Companies, Power Distribution Companies","Increased efficiency in renewable energy production, Enhanced energy management through smart grids, Support for sustainable energy transition."
