,Data quality,e-Government delivery,Fixed_Basket_GNI,Mobile_Basket_GNI,Compute capacity,Enabling technical infrastructure,Human capital,Safety and security,Governance
Data quality,5.371280530680633e-55,0.2031556424362023,0.0644114916638006,0.02166977003041756,0.0323279594817556,0.0013222934845487848,0.0003854227061881778,0.0225312469045454,0.05918638639482379
e-Government delivery,0.20315564243620257,5.371280530680633e-55,0.30934547346121966,0.2373036534321651,0.6603481556196242,0.08138404075219997,0.5107716938395637,0.8524521064820725,0.3219395495917987
Fixed_Basket_GNI,0.0644114916638006,0.30934547346121966,0.0,0.00019461199095958682,0.2957417534484001,0.11713348013241438,0.16709227234017326,0.7312487871523379,0.8541388779586361
Mobile_Basket_GNI,0.021669770030417507,0.2373036534321651,0.00019461199095958216,0.0,0.3237881150348586,0.05696997440194571,0.07418597671668886,0.5990084987359003,0.6227340887746459
Compute capacity,0.0323279594817556,0.6603481556196242,0.2957417534484001,0.3237881150348586,0.0,0.016682264398088027,0.009205752606833711,0.007503585209800274,0.09088219625210883
Enabling technical infrastructure,0.0013222934845487848,0.08138404075219997,0.11713348013241438,0.05696997440194571,0.016682264398088027,5.371280530680633e-55,0.004035257342404883,0.0400361155612126,0.1524862802449264
Human capital,0.0003854227061881778,0.5107716938395637,0.16709227234017326,0.07418597671668886,0.00920575260683368,0.004035257342404883,0.0,0.0022168240162331316,0.046508906068537116
Safety and security,0.0225312469045454,0.8524521064820725,0.7312487871523379,0.5990084987359003,0.007503585209800274,0.0400361155612126,0.0022168240162331316,0.0,0.0529238176733417
Governance,0.05918638639482367,0.321939549591799,0.8541388779586361,0.6227340887746453,0.09088219625210883,0.1524862802449264,0.046508906068537116,0.0529238176733417,0.0
